ix_key,V_x,V_y,blockKey,side,span_vertex_count,probe_mid_x,probe_mid_y,probe_normal_x,probe_normal_y,probe_path_len_m,probe_steps,probe_null_reason,alley_class,feature_highway,feature_name,feature_distance,feature_source
"-1004.80,-56.20",-1004.80,-56.20,"-1029.0,-114.5",next,5,-1061.05,-105.08,-0.996,-0.086,29.00,15,bestDist=36.5>30,alley_present,service:alley,,13.06,absent
"-1004.80,-56.20",-1004.80,-56.20,"-1029.0,-114.5",prev,17,,,,,0,0,"flank-is-arc (adjacent corner, no straight between)",adjacent_arc_span,,,,
"-1004.80,-56.20",-1004.80,-56.20,"-1038.5,-14.0",next,1,,,,,0,0,span-length<2 (never probed),degenerate_span,,,,
"-1004.80,-56.20",-1004.80,-56.20,"-1038.5,-14.0",prev,5,-1064.84,-2.12,-1.000,0.012,29.00,15,bestDist=31.5>30,truly_void,,,15.94,
"-1020.20,42.20",-1020.20,42.20,"-1038.5,-14.0",next,5,-1064.84,-2.12,-1.000,0.012,29.00,15,bestDist=31.5>30,truly_void,,,15.94,
"-1020.20,42.20",-1020.20,42.20,"-1038.5,-14.0",prev,1,,,,,0,0,span-length<2 (never probed),degenerate_span,,,,
"-1020.20,42.20",-1020.20,42.20,"-735.5,130.0",next,17,,,,,0,0,"flank-is-arc (adjacent corner, no straight between)",adjacent_arc_span,,,,
"-1020.20,42.20",-1020.20,42.20,"-888.0,-141.5",prev,1,,,,,0,0,span-length<2 (never probed),degenerate_span,,,,
"-106.50,679.90",-106.50,679.90,"-210.0,582.5",next,17,,,,,0,0,"flank-is-arc (adjacent corner, no straight between)",adjacent_arc_span,,,,
"-106.50,679.90",-106.50,679.90,"-210.0,582.5",prev,17,,,,,0,0,"flank-is-arc (adjacent corner, no straight between)",adjacent_arc_span,,,,
"-106.50,679.90",-106.50,679.90,"-229.0,696.5",next,34,,,,,0,0,"flank-is-arc (adjacent corner, no straight between)",adjacent_arc_span,,,,
"-106.50,679.90",-106.50,679.90,"-229.0,696.5",prev,17,,,,,0,0,"flank-is-arc (adjacent corner, no straight between)",adjacent_arc_span,,,,
"-106.50,679.90",-106.50,679.90,"-3.0,656.0",next,17,,,,,0,0,"flank-is-arc (adjacent corner, no straight between)",adjacent_arc_span,,,,
"-106.50,679.90",-106.50,679.90,"-3.0,656.0",prev,1,,,,,0,0,span-length<2 (never probed),degenerate_span,,,,
"-106.50,679.90",-106.50,679.90,"118.0,744.0",prev,17,,,,,0,0,"flank-is-arc (adjacent corner, no straight between)",adjacent_arc_span,,,,
"-124.50,793.00",-124.50,793.00,"-229.0,696.5",prev,17,,,,,0,0,"flank-is-arc (adjacent corner, no straight between)",adjacent_arc_span,,,,
"-124.50,793.00",-124.50,793.00,"118.0,744.0",next,17,,,,,0,0,"flank-is-arc (adjacent corner, no straight between)",adjacent_arc_span,,,,
"-134.20,-325.60",-134.20,-325.60,"-188.5,-453.5",next,17,,,,,0,0,"flank-is-arc (adjacent corner, no straight between)",adjacent_arc_span,,,,
"-134.20,-325.60",-134.20,-325.60,"-188.5,-453.5",prev,17,,,,,0,0,"flank-is-arc (adjacent corner, no straight between)",adjacent_arc_span,,,,
"-134.20,-325.60",-134.20,-325.60,"-240.5,-301.5",next,1,,,,,0,0,span-length<2 (never probed),degenerate_span,,,,
"-134.20,-325.60",-134.20,-325.60,"-240.5,-301.5",prev,17,,,,,0,0,"flank-is-arc (adjacent corner, no straight between)",adjacent_arc_span,,,,
"-134.20,-325.60",-134.20,-325.60,"-75.0,-320.5",prev,17,,,,,0,0,"flank-is-arc (adjacent corner, no straight between)",adjacent_arc_span,,,,
"-147.00,172.40",-147.00,172.40,"-132.5,265.0",next,17,,,,,0,0,"flank-is-arc (adjacent corner, no straight between)",adjacent_arc_span,,,,
"-147.00,172.40",-147.00,172.40,"-132.5,265.0",prev,1,,,,,0,0,span-length<2 (never probed),degenerate_span,,,,
"-154.00,-220.90",-154.00,-220.90,"-264.5,-164.5",next,17,,,,,0,0,"flank-is-arc (adjacent corner, no straight between)",adjacent_arc_span,,,,
"-166.10,-222.70",-166.10,-222.70,"-240.5,-301.5",next,1,,,,,0,0,span-length<2 (never probed),degenerate_span,,,,
"-166.10,-222.70",-166.10,-222.70,"-240.5,-301.5",prev,1,,,,,0,0,span-length<2 (never probed),degenerate_span,,,,
"-166.10,-222.70",-166.10,-222.70,"-75.0,-320.5",next,17,,,,,0,0,"flank-is-arc (adjacent corner, no straight between)",adjacent_arc_span,,,,
"-166.10,-222.70",-166.10,-222.70,"-75.0,-320.5",prev,1,,,,,0,0,span-length<2 (never probed),degenerate_span,,,,
"-177.50,-78.70",-177.50,-78.70,"-264.5,-164.5",prev,17,,,,,0,0,"flank-is-arc (adjacent corner, no straight between)",adjacent_arc_span,,,,
"-177.50,-78.70",-177.50,-78.70,"-297.0,21.5",next,17,,,,,0,0,"flank-is-arc (adjacent corner, no straight between)",adjacent_arc_span,,,,
"-194.60,24.70",-194.60,24.70,"-297.0,21.5",next,17,,,,,0,0,"flank-is-arc (adjacent corner, no straight between)",adjacent_arc_span,,,,
"-194.60,24.70",-194.60,24.70,"-297.0,21.5",prev,17,,,,,0,0,"flank-is-arc (adjacent corner, no straight between)",adjacent_arc_span,,,,
"-217.10,161.30",-217.10,161.30,"-297.0,21.5",prev,17,,,,,0,0,"flank-is-arc (adjacent corner, no straight between)",adjacent_arc_span,,,,
"-217.30,-691.90",-217.30,-691.90,"-140.0,-613.5",next,17,,,,,0,0,"flank-is-arc (adjacent corner, no straight between)",adjacent_arc_span,,,,
"-217.30,-691.90",-217.30,-691.90,"-331.5,-673.0",next,1,,,,,0,0,span-length<2 (never probed),degenerate_span,,,,
"-217.30,-691.90",-217.30,-691.90,"55.0,-767.0",prev,1,,,,,0,0,span-length<2 (never probed),degenerate_span,,,,
"-244.30,-602.70",-244.30,-602.70,"-331.5,-673.0",next,17,,,,,0,0,"flank-is-arc (adjacent corner, no straight between)",adjacent_arc_span,,,,
"-244.30,-602.70",-244.30,-602.70,"-331.5,-673.0",prev,1,,,,,0,0,span-length<2 (never probed),degenerate_span,,,,
"-244.30,-602.70",-244.30,-602.70,"-357.0,-584.5",next,1,,,,,0,0,span-length<2 (never probed),degenerate_span,,,,
"-244.30,-602.70",-244.30,-602.70,"-357.0,-584.5",prev,17,,,,,0,0,"flank-is-arc (adjacent corner, no straight between)",adjacent_arc_span,,,,
"-249.20,-587.80",-249.20,-587.80,"-140.0,-613.5",prev,1,,,,,0,0,span-length<2 (never probed),degenerate_span,,,,
"-249.20,-587.80",-249.20,-587.80,"-188.5,-453.5",next,1,,,,,0,0,span-length<2 (never probed),degenerate_span,,,,
"-249.20,-587.80",-249.20,-587.80,"-188.5,-453.5",prev,1,,,,,0,0,span-length<2 (never probed),degenerate_span,,,,
"-25.30,191.60",-25.30,191.60,"-132.5,265.0",next,17,,,,,0,0,"flank-is-arc (adjacent corner, no straight between)",adjacent_arc_span,,,,
"-260.90,154.20",-260.90,154.20,"-132.5,265.0",next,1,,,,,0,0,span-length<2 (never probed),degenerate_span,,,,
"-272.80,-513.10",-272.80,-513.10,"-357.0,-584.5",next,17,,,,,0,0,"flank-is-arc (adjacent corner, no straight between)",adjacent_arc_span,,,,
"-272.80,-513.10",-272.80,-513.10,"-357.0,-584.5",prev,1,,,,,0,0,span-length<2 (never probed),degenerate_span,,,,
"-272.80,-513.10",-272.80,-513.10,"-406.0,-413.0",prev,17,,,,,0,0,"flank-is-arc (adjacent corner, no straight between)",adjacent_arc_span,,,,
"-298.50,382.90",-298.50,382.90,"-193.5,475.5",prev,1,,,,,0,0,span-length<2 (never probed),degenerate_span,,,,
"-30.40,-641.90",-30.40,-641.90,"-140.0,-613.5",next,17,,,,,0,0,"flank-is-arc (adjacent corner, no straight between)",adjacent_arc_span,,,,
"-30.40,-641.90",-30.40,-641.90,"-140.0,-613.5",prev,17,,,,,0,0,"flank-is-arc (adjacent corner, no straight between)",adjacent_arc_span,,,,
"-30.40,-641.90",-30.40,-641.90,"116.0,-497.5",prev,17,,,,,0,0,"flank-is-arc (adjacent corner, no straight between)",adjacent_arc_span,,,,
"-315.00,487.10",-315.00,487.10,"-193.5,475.5",next,1,,,,,0,0,span-length<2 (never probed),degenerate_span,,,,
"-315.00,487.10",-315.00,487.10,"-193.5,475.5",prev,17,,,,,0,0,"flank-is-arc (adjacent corner, no straight between)",adjacent_arc_span,,,,
"-315.00,487.10",-315.00,487.10,"-210.0,582.5",next,17,,,,,0,0,"flank-is-arc (adjacent corner, no straight between)",adjacent_arc_span,,,,
"-315.00,487.10",-315.00,487.10,"-210.0,582.5",prev,1,,,,,0,0,span-length<2 (never probed),degenerate_span,,,,
"-315.00,487.10",-315.00,487.10,"-385.5,403.5",next,1,,,,,0,0,span-length<2 (never probed),degenerate_span,,,,
"-315.00,487.10",-315.00,487.10,"-403.5,514.5",next,1,,,,,0,0,span-length<2 (never probed),degenerate_span,,,,
"-315.00,487.10",-315.00,487.10,"-403.5,514.5",prev,1,,,,,0,0,span-length<2 (never probed),degenerate_span,,,,
"-316.10,-373.60",-316.10,-373.60,"-188.5,-453.5",next,1,,,,,0,0,span-length<2 (never probed),degenerate_span,,,,
"-316.10,-373.60",-316.10,-373.60,"-188.5,-453.5",prev,34,,,,,0,0,"flank-is-arc (adjacent corner, no straight between)",adjacent_arc_span,,,,
"-316.10,-373.60",-316.10,-373.60,"-240.5,-301.5",next,17,,,,,0,0,"flank-is-arc (adjacent corner, no straight between)",adjacent_arc_span,,,,
"-316.10,-373.60",-316.10,-373.60,"-240.5,-301.5",prev,1,,,,,0,0,span-length<2 (never probed),degenerate_span,,,,
"-333.00,599.30",-333.00,599.30,"-210.0,582.5",next,1,,,,,0,0,span-length<2 (never probed),degenerate_span,,,,
"-333.00,599.30",-333.00,599.30,"-210.0,582.5",prev,17,,,,,0,0,"flank-is-arc (adjacent corner, no straight between)",adjacent_arc_span,,,,
"-333.00,599.30",-333.00,599.30,"-229.0,696.5",next,17,,,,,0,0,"flank-is-arc (adjacent corner, no straight between)",adjacent_arc_span,,,,
"-333.00,599.30",-333.00,599.30,"-229.0,696.5",prev,1,,,,,0,0,span-length<2 (never probed),degenerate_span,,,,
"-333.00,599.30",-333.00,599.30,"-403.5,514.5",next,17,,,,,0,0,"flank-is-arc (adjacent corner, no straight between)",adjacent_arc_span,,,,
"-333.00,599.30",-333.00,599.30,"-403.5,514.5",prev,1,,,,,0,0,span-length<2 (never probed),degenerate_span,,,,
"-333.00,599.30",-333.00,599.30,"-422.0,627.5",next,1,,,,,0,0,span-length<2 (never probed),degenerate_span,,,,
"-333.00,599.30",-333.00,599.30,"-422.0,627.5",prev,17,,,,,0,0,"flank-is-arc (adjacent corner, no straight between)",adjacent_arc_span,,,,
"-351.80,712.20",-351.80,712.20,"-229.0,696.5",next,1,,,,,0,0,span-length<2 (never probed),degenerate_span,,,,
"-351.80,712.20",-351.80,712.20,"-422.0,627.5",next,17,,,,,0,0,"flank-is-arc (adjacent corner, no straight between)",adjacent_arc_span,,,,
"-351.80,712.20",-351.80,712.20,"-422.0,627.5",prev,1,,,,,0,0,span-length<2 (never probed),degenerate_span,,,,
"-355.00,-253.90",-355.00,-253.90,"-240.5,-301.5",next,1,,,,,0,0,span-length<2 (never probed),degenerate_span,,,,
"-355.00,-253.90",-355.00,-253.90,"-240.5,-301.5",prev,1,,,,,0,0,span-length<2 (never probed),degenerate_span,,,,
"-398.00,-739.40",-398.00,-739.40,"55.0,-767.0",next,122,641.05,-834.71,0.625,-0.781,29.00,15,bestDist=53.2>30,truly_void,,,358.69,
"-418.90,-744.90",-418.90,-744.90,"-331.5,-673.0",prev,17,,,,,0,0,"flank-is-arc (adjacent corner, no straight between)",adjacent_arc_span,,,,
"-418.90,-744.90",-418.90,-744.90,"-538.5,-728.0",next,17,,,,,0,0,"flank-is-arc (adjacent corner, no straight between)",adjacent_arc_span,,,,
"-42.50,188.90",-42.50,188.90,"-132.5,265.0",prev,17,,,,,0,0,"flank-is-arc (adjacent corner, no straight between)",adjacent_arc_span,,,,
"-426.40,134.10",-426.40,134.10,"-592.5,-79.0",next,1,,,,,0,0,span-length<2 (never probed),degenerate_span,,,,
"-442.70,-655.70",-442.70,-655.70,"-331.5,-673.0",next,17,,,,,0,0,"flank-is-arc (adjacent corner, no straight between)",adjacent_arc_span,,,,
"-442.70,-655.70",-442.70,-655.70,"-331.5,-673.0",prev,17,,,,,0,0,"flank-is-arc (adjacent corner, no straight between)",adjacent_arc_span,,,,
"-442.70,-655.70",-442.70,-655.70,"-357.0,-584.5",next,17,,,,,0,0,"flank-is-arc (adjacent corner, no straight between)",adjacent_arc_span,,,,
"-442.70,-655.70",-442.70,-655.70,"-538.5,-728.0",next,17,,,,,0,0,"flank-is-arc (adjacent corner, no straight between)",adjacent_arc_span,,,,
"-442.70,-655.70",-442.70,-655.70,"-538.5,-728.0",prev,17,,,,,0,0,"flank-is-arc (adjacent corner, no straight between)",adjacent_arc_span,,,,
"-442.70,-655.70",-442.70,-655.70,"-599.5,-503.0",prev,17,,,,,0,0,"flank-is-arc (adjacent corner, no straight between)",adjacent_arc_span,,,,
"-465.30,362.50",-465.30,362.50,"-385.5,403.5",prev,17,,,,,0,0,"flank-is-arc (adjacent corner, no straight between)",adjacent_arc_span,,,,
"-466.60,-565.20",-466.60,-565.20,"-357.0,-584.5",prev,17,,,,,0,0,"flank-is-arc (adjacent corner, no straight between)",adjacent_arc_span,,,,
"-466.60,-565.20",-466.60,-565.20,"-406.0,-413.0",next,17,,,,,0,0,"flank-is-arc (adjacent corner, no straight between)",adjacent_arc_span,,,,
"-466.60,-565.20",-466.60,-565.20,"-406.0,-413.0",prev,17,,,,,0,0,"flank-is-arc (adjacent corner, no straight between)",adjacent_arc_span,,,,
"-474.40,435.10",-474.40,435.10,"-385.5,403.5",next,17,,,,,0,0,"flank-is-arc (adjacent corner, no straight between)",adjacent_arc_span,,,,
"-474.40,435.10",-474.40,435.10,"-385.5,403.5",prev,1,,,,,0,0,span-length<2 (never probed),degenerate_span,,,,
"-474.40,435.10",-474.40,435.10,"-403.5,514.5",next,1,,,,,0,0,span-length<2 (never probed),degenerate_span,,,,
"-474.40,435.10",-474.40,435.10,"-403.5,514.5",prev,1,,,,,0,0,span-length<2 (never probed),degenerate_span,,,,
"-474.40,435.10",-474.40,435.10,"-757.0,369.5",next,1,,,,,0,0,span-length<2 (never probed),degenerate_span,,,,
"-48.00,-203.90",-48.00,-203.90,"-75.0,-320.5",next,1,,,,,0,0,span-length<2 (never probed),degenerate_span,,,,
"-48.00,-203.90",-48.00,-203.90,"-75.0,-320.5",prev,1,,,,,0,0,span-length<2 (never probed),degenerate_span,,,,
"-48.00,-203.90",-48.00,-203.90,"117.0,-299.0",prev,17,,,,,0,0,"flank-is-arc (adjacent corner, no straight between)",adjacent_arc_span,,,,
"-490.40,-475.20",-490.40,-475.20,"-406.0,-413.0",next,17,,,,,0,0,"flank-is-arc (adjacent corner, no straight between)",adjacent_arc_span,,,,
"-490.40,-475.20",-490.40,-475.20,"-406.0,-413.0",prev,17,,,,,0,0,"flank-is-arc (adjacent corner, no straight between)",adjacent_arc_span,,,,
"-492.40,542.50",-492.40,542.50,"-403.5,514.5",next,1,,,,,0,0,span-length<2 (never probed),degenerate_span,,,,
"-492.40,542.50",-492.40,542.50,"-403.5,514.5",prev,17,,,,,0,0,"flank-is-arc (adjacent corner, no straight between)",adjacent_arc_span,,,,
"-492.40,542.50",-492.40,542.50,"-422.0,627.5",next,17,,,,,0,0,"flank-is-arc (adjacent corner, no straight between)",adjacent_arc_span,,,,
"-492.40,542.50",-492.40,542.50,"-422.0,627.5",prev,1,,,,,0,0,span-length<2 (never probed),degenerate_span,,,,
"-492.40,542.50",-492.40,542.50,"-599.5,576.5",next,17,,,,,0,0,"flank-is-arc (adjacent corner, no straight between)",adjacent_arc_span,,,,
"-492.40,542.50",-492.40,542.50,"-757.0,369.5",prev,1,,,,,0,0,span-length<2 (never probed),degenerate_span,,,,
"-508.50,641.40",-508.50,641.40,"-599.5,576.5",next,1,,,,,0,0,span-length<2 (never probed),degenerate_span,,,,
"-508.50,641.40",-508.50,641.40,"-599.5,576.5",prev,17,,,,,0,0,"flank-is-arc (adjacent corner, no straight between)",adjacent_arc_span,,,,
"-508.50,641.40",-508.50,641.40,"-621.0,752.0",next,12,-630.04,835.92,-0.586,0.810,29.00,15,bestDist=89.2>30,truly_void,,,90.30,
"-508.50,641.40",-508.50,641.40,"-621.0,752.0",prev,1,,,,,0,0,span-length<2 (never probed),degenerate_span,,,,
"-511.00,655.60",-511.00,655.60,"-422.0,627.5",next,1,,,,,0,0,span-length<2 (never probed),degenerate_span,,,,
"-511.00,655.60",-511.00,655.60,"-422.0,627.5",prev,17,,,,,0,0,"flank-is-arc (adjacent corner, no straight between)",adjacent_arc_span,,,,
"-514.30,-382.30",-514.30,-382.30,"-406.0,-413.0",next,17,,,,,0,0,"flank-is-arc (adjacent corner, no straight between)",adjacent_arc_span,,,,
"-514.30,-382.30",-514.30,-382.30,"-406.0,-413.0",prev,1,,,,,0,0,span-length<2 (never probed),degenerate_span,,,,
"-514.30,-382.30",-514.30,-382.30,"-599.5,-503.0",next,1,,,,,0,0,span-length<2 (never probed),degenerate_span,,,,
"-537.30,-292.60",-537.30,-292.60,"-406.0,-413.0",next,1,,,,,0,0,span-length<2 (never probed),degenerate_span,,,,
"-537.30,-292.60",-537.30,-292.60,"-599.5,-503.0",next,1,,,,,0,0,span-length<2 (never probed),degenerate_span,,,,
"-537.30,-292.60",-537.30,-292.60,"-599.5,-503.0",prev,1,,,,,0,0,span-length<2 (never probed),degenerate_span,,,,
"-558.50,-288.50",-558.50,-288.50,"-592.5,-79.0",prev,1,,,,,0,0,span-length<2 (never probed),degenerate_span,,,,
"-558.50,-288.50",-558.50,-288.50,"-665.5,-256.5",next,1,,,,,0,0,span-length<2 (never probed),degenerate_span,,,,
"-558.50,-288.50",-558.50,-288.50,"-665.5,-256.5",prev,17,,,,,0,0,"flank-is-arc (adjacent corner, no straight between)",adjacent_arc_span,,,,
"-575.20,-192.30",-575.20,-192.30,"-592.5,-79.0",next,1,,,,,0,0,span-length<2 (never probed),degenerate_span,,,,
"-575.20,-192.30",-575.20,-192.30,"-665.5,-256.5",prev,1,,,,,0,0,span-length<2 (never probed),degenerate_span,,,,
"-623.30,105.60",-623.30,105.60,"-592.5,-79.0",next,1,,,,,0,0,span-length<2 (never probed),degenerate_span,,,,
"-623.30,105.60",-623.30,105.60,"-592.5,-79.0",prev,1,,,,,0,0,span-length<2 (never probed),degenerate_span,,,,
"-623.30,105.60",-623.30,105.60,"-735.5,130.0",prev,17,,,,,0,0,"flank-is-arc (adjacent corner, no straight between)",adjacent_arc_span,,,,
"-634.00,-802.90",-634.00,-802.90,"-538.5,-728.0",prev,17,,,,,0,0,"flank-is-arc (adjacent corner, no straight between)",adjacent_arc_span,,,,
"-634.00,-802.90",-634.00,-802.90,"-704.5,-767.0",next,17,,,,,0,0,"flank-is-arc (adjacent corner, no straight between)",adjacent_arc_span,,,,
"-64.40,-538.00",-64.40,-538.00,"-140.0,-613.5",next,1,,,,,0,0,span-length<2 (never probed),degenerate_span,,,,
"-64.40,-538.00",-64.40,-538.00,"-140.0,-613.5",prev,17,,,,,0,0,"flank-is-arc (adjacent corner, no straight between)",adjacent_arc_span,,,,
"-64.40,-538.00",-64.40,-538.00,"-188.5,-453.5",next,17,,,,,0,0,"flank-is-arc (adjacent corner, no straight between)",adjacent_arc_span,,,,
"-64.40,-538.00",-64.40,-538.00,"-188.5,-453.5",prev,1,,,,,0,0,span-length<2 (never probed),degenerate_span,,,,
"-64.40,-538.00",-64.40,-538.00,"116.0,-497.5",next,17,,,,,0,0,"flank-is-arc (adjacent corner, no straight between)",adjacent_arc_span,,,,
"-64.40,-538.00",-64.40,-538.00,"116.0,-497.5",prev,17,,,,,0,0,"flank-is-arc (adjacent corner, no straight between)",adjacent_arc_span,,,,
"-656.00,306.50",-656.00,306.50,"-757.0,369.5",prev,17,,,,,0,0,"flank-is-arc (adjacent corner, no straight between)",adjacent_arc_span,,,,
"-656.00,306.50",-656.00,306.50,"-762.0,340.0",next,17,,,,,0,0,"flank-is-arc (adjacent corner, no straight between)",adjacent_arc_span,,,,
"-656.00,306.50",-656.00,306.50,"-762.0,340.0",prev,17,,,,,0,0,"flank-is-arc (adjacent corner, no straight between)",adjacent_arc_span,,,,
"-657.80,-714.10",-657.80,-714.10,"-538.5,-728.0",next,17,,,,,0,0,"flank-is-arc (adjacent corner, no straight between)",adjacent_arc_span,,,,
"-657.80,-714.10",-657.80,-714.10,"-538.5,-728.0",prev,17,,,,,0,0,"flank-is-arc (adjacent corner, no straight between)",adjacent_arc_span,,,,
"-657.80,-714.10",-657.80,-714.10,"-599.5,-503.0",next,34,,,,,0,0,"flank-is-arc (adjacent corner, no straight between)",adjacent_arc_span,,,,
"-657.80,-714.10",-657.80,-714.10,"-599.5,-503.0",prev,17,,,,,0,0,"flank-is-arc (adjacent corner, no straight between)",adjacent_arc_span,,,,
"-657.80,-714.10",-657.80,-714.10,"-704.5,-767.0",prev,17,,,,,0,0,"flank-is-arc (adjacent corner, no straight between)",adjacent_arc_span,,,,
"-657.80,-714.10",-657.80,-714.10,"-734.0,-684.5",next,17,,,,,0,0,"flank-is-arc (adjacent corner, no straight between)",adjacent_arc_span,,,,
"-671.30,-208.50",-671.30,-208.50,"-682.5,-180.5",prev,17,,,,,0,0,"flank-is-arc (adjacent corner, no straight between)",adjacent_arc_span,,,,
"-671.50,403.20",-671.50,403.20,"-757.0,369.5",next,17,,,,,0,0,"flank-is-arc (adjacent corner, no straight between)",adjacent_arc_span,,,,
"-671.50,403.20",-671.50,403.20,"-757.0,369.5",prev,17,,,,,0,0,"flank-is-arc (adjacent corner, no straight between)",adjacent_arc_span,,,,
"-671.50,403.20",-671.50,403.20,"-762.0,340.0",next,17,,,,,0,0,"flank-is-arc (adjacent corner, no straight between)",adjacent_arc_span,,,,
"-671.50,403.20",-671.50,403.20,"-762.0,340.0",prev,17,,,,,0,0,"flank-is-arc (adjacent corner, no straight between)",adjacent_arc_span,,,,
"-671.50,403.20",-671.50,403.20,"-778.0,437.0",next,17,,,,,0,0,"flank-is-arc (adjacent corner, no straight between)",adjacent_arc_span,,,,
"-671.50,403.20",-671.50,403.20,"-778.0,437.0",prev,17,,,,,0,0,"flank-is-arc (adjacent corner, no straight between)",adjacent_arc_span,,,,
"-682.10,-622.70",-682.10,-622.70,"-599.5,-503.0",next,17,,,,,0,0,"flank-is-arc (adjacent corner, no straight between)",adjacent_arc_span,,,,
"-682.10,-622.70",-682.10,-622.70,"-599.5,-503.0",prev,17,,,,,0,0,"flank-is-arc (adjacent corner, no straight between)",adjacent_arc_span,,,,
"-682.10,-622.70",-682.10,-622.70,"-734.0,-684.5",next,17,,,,,0,0,"flank-is-arc (adjacent corner, no straight between)",adjacent_arc_span,,,,
"-682.10,-622.70",-682.10,-622.70,"-734.0,-684.5",prev,17,,,,,0,0,"flank-is-arc (adjacent corner, no straight between)",adjacent_arc_span,,,,
"-682.10,-622.70",-682.10,-622.70,"-771.5,-545.0",next,1,,,,,0,0,span-length<2 (never probed),degenerate_span,,,,
"-682.10,-622.70",-682.10,-622.70,"-771.5,-545.0",prev,17,,,,,0,0,"flank-is-arc (adjacent corner, no straight between)",adjacent_arc_span,,,,
"-686.10,-210.90",-686.10,-210.90,"-682.5,-180.5",next,17,,,,,0,0,"flank-is-arc (adjacent corner, no straight between)",adjacent_arc_span,,,,
"-687.60,504.00",-687.60,504.00,"-757.0,369.5",next,17,,,,,0,0,"flank-is-arc (adjacent corner, no straight between)",adjacent_arc_span,,,,
"-687.60,504.00",-687.60,504.00,"-778.0,437.0",next,17,,,,,0,0,"flank-is-arc (adjacent corner, no straight between)",adjacent_arc_span,,,,
"-687.60,504.00",-687.60,504.00,"-778.0,437.0",prev,17,,,,,0,0,"flank-is-arc (adjacent corner, no straight between)",adjacent_arc_span,,,,
"-688.80,511.30",-688.80,511.30,"-599.5,576.5",prev,17,,,,,0,0,"flank-is-arc (adjacent corner, no straight between)",adjacent_arc_span,,,,
"-688.80,511.30",-688.80,511.30,"-794.5,545.0",next,17,,,,,0,0,"flank-is-arc (adjacent corner, no straight between)",adjacent_arc_span,,,,
"-688.80,511.30",-688.80,511.30,"-794.5,545.0",prev,17,,,,,0,0,"flank-is-arc (adjacent corner, no straight between)",adjacent_arc_span,,,,
"-705.10,610.20",-705.10,610.20,"-599.5,576.5",next,17,,,,,0,0,"flank-is-arc (adjacent corner, no straight between)",adjacent_arc_span,,,,
"-705.10,610.20",-705.10,610.20,"-599.5,576.5",prev,1,,,,,0,0,span-length<2 (never probed),degenerate_span,,,,
"-705.10,610.20",-705.10,610.20,"-621.0,752.0",next,1,,,,,0,0,span-length<2 (never probed),degenerate_span,,,,
"-705.10,610.20",-705.10,610.20,"-621.0,752.0",prev,12,-630.04,835.92,-0.586,0.810,29.00,15,bestDist=89.2>30,truly_void,,,90.30,
"-705.10,610.20",-705.10,610.20,"-793.0,669.5",next,11,-801.53,680.48,-0.749,0.662,29.00,15,bestDist=84.3>30,truly_void,,,37.32,
"-705.10,610.20",-705.10,610.20,"-793.0,669.5",prev,11,-801.53,680.48,-0.749,0.662,29.00,15,bestDist=84.3>30,truly_void,,,37.32,
"-705.10,610.20",-705.10,610.20,"-794.5,545.0",prev,17,,,,,0,0,"flank-is-arc (adjacent corner, no straight between)",adjacent_arc_span,,,,
"-706.90,-529.50",-706.90,-529.50,"-599.5,-503.0",next,17,,,,,0,0,"flank-is-arc (adjacent corner, no straight between)",adjacent_arc_span,,,,
"-706.90,-529.50",-706.90,-529.50,"-599.5,-503.0",prev,17,,,,,0,0,"flank-is-arc (adjacent corner, no straight between)",adjacent_arc_span,,,,
"-727.50,89.40",-727.50,89.40,"-735.5,130.0",next,17,,,,,0,0,"flank-is-arc (adjacent corner, no straight between)",adjacent_arc_span,,,,
"-727.50,89.40",-727.50,89.40,"-735.5,130.0",prev,17,,,,,0,0,"flank-is-arc (adjacent corner, no straight between)",adjacent_arc_span,,,,
"-73.10,462.60",-73.10,462.60,"-193.5,475.5",next,17,,,,,0,0,"flank-is-arc (adjacent corner, no straight between)",adjacent_arc_span,,,,
"-73.10,462.60",-73.10,462.60,"13.5,548.0",next,17,,,,,0,0,"flank-is-arc (adjacent corner, no straight between)",adjacent_arc_span,,,,
"-73.10,462.60",-73.10,462.60,"13.5,548.0",prev,17,,,,,0,0,"flank-is-arc (adjacent corner, no straight between)",adjacent_arc_span,,,,
"-732.30,-434.50",-732.30,-434.50,"-599.5,-503.0",next,17,,,,,0,0,"flank-is-arc (adjacent corner, no straight between)",adjacent_arc_span,,,,
"-732.30,-434.50",-732.30,-434.50,"-771.5,-545.0",next,17,,,,,0,0,"flank-is-arc (adjacent corner, no straight between)",adjacent_arc_span,,,,
"-732.30,-434.50",-732.30,-434.50,"-771.5,-545.0",prev,1,,,,,0,0,span-length<2 (never probed),degenerate_span,,,,
"-732.30,-434.50",-732.30,-434.50,"-811.5,-399.0",prev,17,,,,,0,0,"flank-is-arc (adjacent corner, no straight between)",adjacent_arc_span,,,,
"-755.40,-327.80",-755.40,-327.80,"-599.5,-503.0",prev,1,,,,,0,0,span-length<2 (never probed),degenerate_span,,,,
"-755.40,-327.80",-755.40,-327.80,"-811.5,-399.0",next,17,,,,,0,0,"flank-is-arc (adjacent corner, no straight between)",adjacent_arc_span,,,,
"-756.70,-320.20",-756.70,-320.20,"-665.5,-256.5",next,17,,,,,0,0,"flank-is-arc (adjacent corner, no straight between)",adjacent_arc_span,,,,
"-756.70,-320.20",-756.70,-320.20,"-665.5,-256.5",prev,17,,,,,0,0,"flank-is-arc (adjacent corner, no straight between)",adjacent_arc_span,,,,
"-756.70,-320.20",-756.70,-320.20,"-888.0,-141.5",next,17,,,,,0,0,"flank-is-arc (adjacent corner, no straight between)",adjacent_arc_span,,,,
"-772.90,-225.00",-772.90,-225.00,"-665.5,-256.5",next,17,,,,,0,0,"flank-is-arc (adjacent corner, no straight between)",adjacent_arc_span,,,,
"-772.90,-225.00",-772.90,-225.00,"-888.0,-141.5",next,17,,,,,0,0,"flank-is-arc (adjacent corner, no straight between)",adjacent_arc_span,,,,
"-772.90,-225.00",-772.90,-225.00,"-888.0,-141.5",prev,17,,,,,0,0,"flank-is-arc (adjacent corner, no straight between)",adjacent_arc_span,,,,
"-78.00,452.40",-78.00,452.40,"-151.0,408.0",prev,17,,,,,0,0,"flank-is-arc (adjacent corner, no straight between)",adjacent_arc_span,,,,
"-789.00,-126.50",-789.00,-126.50,"-888.0,-141.5",next,17,,,,,0,0,"flank-is-arc (adjacent corner, no straight between)",adjacent_arc_span,,,,
"-789.00,-126.50",-789.00,-126.50,"-888.0,-141.5",prev,17,,,,,0,0,"flank-is-arc (adjacent corner, no straight between)",adjacent_arc_span,,,,
"-805.60,-25.30",-805.60,-25.30,"-888.0,-141.5",next,17,,,,,0,0,"flank-is-arc (adjacent corner, no straight between)",adjacent_arc_span,,,,
"-805.60,-25.30",-805.60,-25.30,"-888.0,-141.5",prev,17,,,,,0,0,"flank-is-arc (adjacent corner, no straight between)",adjacent_arc_span,,,,
"-812.00,-657.40",-812.00,-657.40,"-734.0,-684.5",prev,17,,,,,0,0,"flank-is-arc (adjacent corner, no straight between)",adjacent_arc_span,,,,
"-812.00,-657.40",-812.00,-657.40,"-771.5,-545.0",next,17,,,,,0,0,"flank-is-arc (adjacent corner, no straight between)",adjacent_arc_span,,,,
"-812.00,-657.40",-812.00,-657.40,"-771.5,-545.0",prev,17,,,,,0,0,"flank-is-arc (adjacent corner, no straight between)",adjacent_arc_span,,,,
"-812.00,-657.40",-812.00,-657.40,"-860.0,-614.0",next,17,,,,,0,0,"flank-is-arc (adjacent corner, no straight between)",adjacent_arc_span,,,,
"-812.00,-657.40",-812.00,-657.40,"-860.0,-614.0",prev,5,-880.75,-608.97,-0.825,-0.566,29.00,15,bestDist=32.7>30,alley_present,service:alley,,6.49,absent
"-822.00,74.70",-822.00,74.70,"-592.5,-79.0",prev,1,,,,,0,0,span-length<2 (never probed),degenerate_span,,,,
"-822.00,74.70",-822.00,74.70,"-735.5,130.0",next,17,,,,,0,0,"flank-is-arc (adjacent corner, no straight between)",adjacent_arc_span,,,,
"-822.00,74.70",-822.00,74.70,"-735.5,130.0",prev,17,,,,,0,0,"flank-is-arc (adjacent corner, no straight between)",adjacent_arc_span,,,,
"-822.00,74.70",-822.00,74.70,"-888.0,-141.5",next,1,,,,,0,0,span-length<2 (never probed),degenerate_span,,,,
"-822.00,74.70",-822.00,74.70,"-888.0,-141.5",prev,17,,,,,0,0,"flank-is-arc (adjacent corner, no straight between)",adjacent_arc_span,,,,
"-836.60,-563.50",-836.60,-563.50,"-771.5,-545.0",next,17,,,,,0,0,"flank-is-arc (adjacent corner, no straight between)",adjacent_arc_span,,,,
"-836.60,-563.50",-836.60,-563.50,"-771.5,-545.0",prev,17,,,,,0,0,"flank-is-arc (adjacent corner, no straight between)",adjacent_arc_span,,,,
"-836.60,-563.50",-836.60,-563.50,"-860.0,-614.0",next,5,-880.75,-608.97,-0.825,-0.566,29.00,15,bestDist=32.7>30,alley_present,service:alley,,6.49,absent
"-836.60,-563.50",-836.60,-563.50,"-860.0,-614.0",prev,17,,,,,0,0,"flank-is-arc (adjacent corner, no straight between)",adjacent_arc_span,,,,
"-836.60,-563.50",-836.60,-563.50,"-896.5,-527.0",next,17,,,,,0,0,"flank-is-arc (adjacent corner, no straight between)",adjacent_arc_span,,,,
"-852.40,275.40",-852.40,275.40,"-757.0,369.5",next,17,,,,,0,0,"flank-is-arc (adjacent corner, no straight between)",adjacent_arc_span,,,,
"-852.40,275.40",-852.40,275.40,"-762.0,340.0",next,17,,,,,0,0,"flank-is-arc (adjacent corner, no straight between)",adjacent_arc_span,,,,
"-852.40,275.40",-852.40,275.40,"-762.0,340.0",prev,17,,,,,0,0,"flank-is-arc (adjacent corner, no straight between)",adjacent_arc_span,,,,
"-852.40,275.40",-852.40,275.40,"-917.0,365.0",prev,17,,,,,0,0,"flank-is-arc (adjacent corner, no straight between)",adjacent_arc_span,,,,
"-861.60,-469.10",-861.60,-469.10,"-771.5,-545.0",next,34,,,,,0,0,"flank-is-arc (adjacent corner, no straight between)",adjacent_arc_span,,,,
"-861.60,-469.10",-861.60,-469.10,"-771.5,-545.0",prev,17,,,,,0,0,"flank-is-arc (adjacent corner, no straight between)",adjacent_arc_span,,,,
"-861.60,-469.10",-861.60,-469.10,"-811.5,-399.0",next,17,,,,,0,0,"flank-is-arc (adjacent corner, no straight between)",adjacent_arc_span,,,,
"-861.60,-469.10",-861.60,-469.10,"-811.5,-399.0",prev,1,,,,,0,0,span-length<2 (never probed),degenerate_span,,,,
"-861.60,-469.10",-861.60,-469.10,"-896.5,-527.0",prev,17,,,,,0,0,"flank-is-arc (adjacent corner, no straight between)",adjacent_arc_span,,,,
"-861.60,-469.10",-861.60,-469.10,"-936.5,-423.5",next,1,,,,,0,0,span-length<2 (never probed),degenerate_span,,,,
"-868.10,372.10",-868.10,372.10,"-762.0,340.0",next,17,,,,,0,0,"flank-is-arc (adjacent corner, no straight between)",adjacent_arc_span,,,,
"-868.10,372.10",-868.10,372.10,"-762.0,340.0",prev,17,,,,,0,0,"flank-is-arc (adjacent corner, no straight between)",adjacent_arc_span,,,,
"-868.10,372.10",-868.10,372.10,"-778.0,437.0",next,17,,,,,0,0,"flank-is-arc (adjacent corner, no straight between)",adjacent_arc_span,,,,
"-868.10,372.10",-868.10,372.10,"-778.0,437.0",prev,1,,,,,0,0,span-length<2 (never probed),degenerate_span,,,,
"-88.40,566.60",-88.40,566.60,"-193.5,475.5",next,17,,,,,0,0,"flank-is-arc (adjacent corner, no straight between)",adjacent_arc_span,,,,
"-88.40,566.60",-88.40,566.60,"-193.5,475.5",prev,17,,,,,0,0,"flank-is-arc (adjacent corner, no straight between)",adjacent_arc_span,,,,
"-88.40,566.60",-88.40,566.60,"-210.0,582.5",next,17,,,,,0,0,"flank-is-arc (adjacent corner, no straight between)",adjacent_arc_span,,,,
"-88.40,566.60",-88.40,566.60,"-210.0,582.5",prev,17,,,,,0,0,"flank-is-arc (adjacent corner, no straight between)",adjacent_arc_span,,,,
"-88.40,566.60",-88.40,566.60,"-3.0,656.0",next,17,,,,,0,0,"flank-is-arc (adjacent corner, no straight between)",adjacent_arc_span,,,,
"-88.40,566.60",-88.40,566.60,"-3.0,656.0",prev,17,,,,,0,0,"flank-is-arc (adjacent corner, no straight between)",adjacent_arc_span,,,,
"-88.40,566.60",-88.40,566.60,"13.5,548.0",next,17,,,,,0,0,"flank-is-arc (adjacent corner, no straight between)",adjacent_arc_span,,,,
"-88.40,566.60",-88.40,566.60,"13.5,548.0",prev,17,,,,,0,0,"flank-is-arc (adjacent corner, no straight between)",adjacent_arc_span,,,,
"-885.10,472.40",-885.10,472.40,"-778.0,437.0",next,1,,,,,0,0,span-length<2 (never probed),degenerate_span,,,,
"-885.10,472.40",-885.10,472.40,"-778.0,437.0",prev,17,,,,,0,0,"flank-is-arc (adjacent corner, no straight between)",adjacent_arc_span,,,,
"-886.30,479.50",-886.30,479.50,"-794.5,545.0",next,17,,,,,0,0,"flank-is-arc (adjacent corner, no straight between)",adjacent_arc_span,,,,
"-886.30,479.50",-886.30,479.50,"-918.0,512.5",next,6,-922.10,513.68,-0.864,0.504,29.00,15,bestDist=31.2>30,alley_present,service:alley,,0.42,absent
"-886.30,479.50",-886.30,479.50,"-918.0,512.5",prev,6,-922.10,513.68,-0.864,0.504,29.00,15,bestDist=31.2>30,alley_present,service:alley,,0.42,absent
"-893.20,-350.40",-893.20,-350.40,"-811.5,-399.0",next,1,,,,,0,0,span-length<2 (never probed),degenerate_span,,,,
"-893.20,-350.40",-893.20,-350.40,"-811.5,-399.0",prev,17,,,,,0,0,"flank-is-arc (adjacent corner, no straight between)",adjacent_arc_span,,,,
"-893.20,-350.40",-893.20,-350.40,"-936.5,-423.5",prev,1,,,,,0,0,span-length<2 (never probed),degenerate_span,,,,
"-920.60,58.50",-920.60,58.50,"-735.5,130.0",next,17,,,,,0,0,"flank-is-arc (adjacent corner, no straight between)",adjacent_arc_span,,,,
"-920.60,58.50",-920.60,58.50,"-735.5,130.0",prev,17,,,,,0,0,"flank-is-arc (adjacent corner, no straight between)",adjacent_arc_span,,,,
"-954.30,-357.50",-954.30,-357.50,"-997.0,-313.0",next,17,,,,,0,0,"flank-is-arc (adjacent corner, no straight between)",adjacent_arc_span,,,,
"-954.30,-357.50",-954.30,-357.50,"-997.0,-313.0",prev,5,-1023.38,-307.42,-0.960,-0.279,29.00,15,bestDist=41.7>30,alley_present,service:alley,,3.15,absent
"-955.10,258.70",-955.10,258.70,"-757.0,369.5",prev,17,,,,,0,0,"flank-is-arc (adjacent corner, no straight between)",adjacent_arc_span,,,,
"-955.10,258.70",-955.10,258.70,"-917.0,365.0",next,17,,,,,0,0,"flank-is-arc (adjacent corner, no straight between)",adjacent_arc_span,,,,
"-970.90,-256.70",-970.90,-256.70,"-1015.5,-212.5",next,17,,,,,0,0,"flank-is-arc (adjacent corner, no straight between)",adjacent_arc_span,,,,
"-970.90,-256.70",-970.90,-256.70,"-1015.5,-212.5",prev,5,-1047.18,-207.18,-0.983,-0.183,29.00,15,bestDist=39.0>30,alley_present,service:alley,,12.02,absent
"-970.90,-256.70",-970.90,-256.70,"-997.0,-313.0",next,5,-1023.38,-307.42,-0.960,-0.279,29.00,15,bestDist=41.7>30,alley_present,service:alley,,3.15,absent
"-970.90,-256.70",-970.90,-256.70,"-997.0,-313.0",prev,17,,,,,0,0,"flank-is-arc (adjacent corner, no straight between)",adjacent_arc_span,,,,
"-987.40,-158.00",-987.40,-158.00,"-1015.5,-212.5",next,5,-1047.18,-207.18,-0.983,-0.183,29.00,15,bestDist=39.0>30,alley_present,service:alley,,12.02,absent
"-987.40,-158.00",-987.40,-158.00,"-1015.5,-212.5",prev,17,,,,,0,0,"flank-is-arc (adjacent corner, no straight between)",adjacent_arc_span,,,,
"-987.40,-158.00",-987.40,-158.00,"-1029.0,-114.5",next,17,,,,,0,0,"flank-is-arc (adjacent corner, no straight between)",adjacent_arc_span,,,,
"-987.40,-158.00",-987.40,-158.00,"-1029.0,-114.5",prev,5,-1061.05,-105.08,-0.996,-0.086,29.00,15,bestDist=36.5>30,alley_present,service:alley,,13.06,absent
"-99.10,-431.60",-99.10,-431.60,"-188.5,-453.5",next,34,,,,,0,0,"flank-is-arc (adjacent corner, no straight between)",adjacent_arc_span,,,,
"-99.10,-431.60",-99.10,-431.60,"-188.5,-453.5",prev,17,,,,,0,0,"flank-is-arc (adjacent corner, no straight between)",adjacent_arc_span,,,,
"-99.10,-431.60",-99.10,-431.60,"116.0,-497.5",next,17,,,,,0,0,"flank-is-arc (adjacent corner, no straight between)",adjacent_arc_span,,,,
"-99.10,-431.60",-99.10,-431.60,"116.0,-497.5",prev,17,,,,,0,0,"flank-is-arc (adjacent corner, no straight between)",adjacent_arc_span,,,,
"104.00,634.00",104.00,634.00,"-3.0,656.0",next,1,,,,,0,0,span-length<2 (never probed),degenerate_span,,,,
"104.00,634.00",104.00,634.00,"-3.0,656.0",prev,17,,,,,0,0,"flank-is-arc (adjacent corner, no straight between)",adjacent_arc_span,,,,
"104.00,634.00",104.00,634.00,"13.5,548.0",next,17,,,,,0,0,"flank-is-arc (adjacent corner, no straight between)",adjacent_arc_span,,,,
"104.00,634.00",104.00,634.00,"13.5,548.0",prev,17,,,,,0,0,"flank-is-arc (adjacent corner, no straight between)",adjacent_arc_span,,,,
"104.00,634.00",104.00,634.00,"203.0,617.0",next,17,,,,,0,0,"flank-is-arc (adjacent corner, no straight between)",adjacent_arc_span,,,,
"121.20,526.00",121.20,526.00,"-151.0,408.0",next,17,,,,,0,0,"flank-is-arc (adjacent corner, no straight between)",adjacent_arc_span,,,,
"121.20,526.00",121.20,526.00,"13.5,548.0",next,17,,,,,0,0,"flank-is-arc (adjacent corner, no straight between)",adjacent_arc_span,,,,
"121.20,526.00",121.20,526.00,"13.5,548.0",prev,17,,,,,0,0,"flank-is-arc (adjacent corner, no straight between)",adjacent_arc_span,,,,
"121.20,526.00",121.20,526.00,"203.0,617.0",prev,17,,,,,0,0,"flank-is-arc (adjacent corner, no straight between)",adjacent_arc_span,,,,
"166.50,221.90",166.50,221.90,"-132.5,265.0",prev,17,,,,,0,0,"flank-is-arc (adjacent corner, no straight between)",adjacent_arc_span,,,,
"179.90,115.90",179.90,115.90,"306.0,-2.5",next,1,,,,,0,0,span-length<2 (never probed),degenerate_span,,,,
"179.90,115.90",179.90,115.90,"306.0,-2.5",prev,17,,,,,0,0,"flank-is-arc (adjacent corner, no straight between)",adjacent_arc_span,,,,
"18.40,-402.00",18.40,-402.00,"-75.0,-320.5",next,1,,,,,0,0,span-length<2 (never probed),degenerate_span,,,,
"18.40,-402.00",18.40,-402.00,"116.0,-497.5",next,17,,,,,0,0,"flank-is-arc (adjacent corner, no straight between)",adjacent_arc_span,,,,
"225.40,-573.50",225.40,-573.50,"162.0,-645.0",next,17,,,,,0,0,"flank-is-arc (adjacent corner, no straight between)",adjacent_arc_span,,,,
"225.40,-573.50",225.40,-573.50,"162.0,-645.0",prev,17,,,,,0,0,"flank-is-arc (adjacent corner, no straight between)",adjacent_arc_span,,,,
"229.00,-158.90",229.00,-158.90,"117.0,-299.0",next,1,,,,,0,0,span-length<2 (never probed),degenerate_span,,,,
"229.00,-158.90",229.00,-158.90,"306.0,-2.5",prev,1,,,,,0,0,span-length<2 (never probed),degenerate_span,,,,
"251.60,-672.10",251.60,-672.10,"162.0,-645.0",next,17,,,,,0,0,"flank-is-arc (adjacent corner, no straight between)",adjacent_arc_span,,,,
"251.60,-672.10",251.60,-672.10,"162.0,-645.0",prev,17,,,,,0,0,"flank-is-arc (adjacent corner, no straight between)",adjacent_arc_span,,,,
"251.60,-672.10",251.60,-672.10,"55.0,-767.0",next,17,,,,,0,0,"flank-is-arc (adjacent corner, no straight between)",adjacent_arc_span,,,,
"259.60,-258.70",259.60,-258.70,"117.0,-299.0",prev,1,,,,,0,0,span-length<2 (never probed),degenerate_span,,,,
"259.60,-258.70",259.60,-258.70,"352.5,-202.5",next,17,,,,,0,0,"flank-is-arc (adjacent corner, no straight between)",adjacent_arc_span,,,,
"259.60,-258.70",259.60,-258.70,"372.5,-272.5",next,1,,,,,0,0,span-length<2 (never probed),degenerate_span,,,,
"259.60,-258.70",259.60,-258.70,"372.5,-272.5",prev,17,,,,,0,0,"flank-is-arc (adjacent corner, no straight between)",adjacent_arc_span,,,,
"284.80,-353.90",284.80,-353.90,"116.0,-497.5",next,17,,,,,0,0,"flank-is-arc (adjacent corner, no straight between)",adjacent_arc_span,,,,
"284.80,-353.90",284.80,-353.90,"116.0,-497.5",prev,1,,,,,0,0,span-length<2 (never probed),degenerate_span,,,,
"284.80,-353.90",284.80,-353.90,"117.0,-299.0",next,1,,,,,0,0,span-length<2 (never probed),degenerate_span,,,,
"284.80,-353.90",284.80,-353.90,"117.0,-299.0",prev,17,,,,,0,0,"flank-is-arc (adjacent corner, no straight between)",adjacent_arc_span,,,,
"284.80,-353.90",284.80,-353.90,"372.5,-272.5",next,17,,,,,0,0,"flank-is-arc (adjacent corner, no straight between)",adjacent_arc_span,,,,
"284.80,-353.90",284.80,-353.90,"372.5,-272.5",prev,1,,,,,0,0,span-length<2 (never probed),degenerate_span,,,,
"284.80,-353.90",284.80,-353.90,"459.5,-414.0",next,17,,,,,0,0,"flank-is-arc (adjacent corner, no straight between)",adjacent_arc_span,,,,
"284.80,-353.90",284.80,-353.90,"459.5,-414.0",prev,17,,,,,0,0,"flank-is-arc (adjacent corner, no straight between)",adjacent_arc_span,,,,
"29.30,-434.90",29.30,-434.90,"116.0,-497.5",prev,17,,,,,0,0,"flank-is-arc (adjacent corner, no straight between)",adjacent_arc_span,,,,
"29.30,-434.90",29.30,-434.90,"117.0,-299.0",next,17,,,,,0,0,"flank-is-arc (adjacent corner, no straight between)",adjacent_arc_span,,,,
"309.10,-444.30",309.10,-444.30,"459.5,-414.0",next,17,,,,,0,0,"flank-is-arc (adjacent corner, no straight between)",adjacent_arc_span,,,,
"309.10,-444.30",309.10,-444.30,"459.5,-414.0",prev,17,,,,,0,0,"flank-is-arc (adjacent corner, no straight between)",adjacent_arc_span,,,,
"335.10,-540.40",335.10,-540.40,"116.0,-497.5",next,1,,,,,0,0,span-length<2 (never probed),degenerate_span,,,,
"335.10,-540.40",335.10,-540.40,"459.5,-414.0",prev,17,,,,,0,0,"flank-is-arc (adjacent corner, no straight between)",adjacent_arc_span,,,,
"386.30,149.10",386.30,149.10,"306.0,-2.5",next,17,,,,,0,0,"flank-is-arc (adjacent corner, no straight between)",adjacent_arc_span,,,,
"394.50,98.80",394.50,98.80,"382.0,115.0",next,17,,,,,0,0,"flank-is-arc (adjacent corner, no straight between)",adjacent_arc_span,,,,
"394.50,98.80",394.50,98.80,"456.5,15.0",next,17,,,,,0,0,"flank-is-arc (adjacent corner, no straight between)",adjacent_arc_span,,,,
"394.50,98.80",394.50,98.80,"456.5,15.0",prev,17,,,,,0,0,"flank-is-arc (adjacent corner, no straight between)",adjacent_arc_span,,,,
"424.40,-88.70",424.40,-88.70,"456.5,15.0",prev,17,,,,,0,0,"flank-is-arc (adjacent corner, no straight between)",adjacent_arc_span,,,,
"453.60,-197.00",453.60,-197.00,"352.5,-202.5",prev,17,,,,,0,0,"flank-is-arc (adjacent corner, no straight between)",adjacent_arc_span,,,,
"453.60,-197.00",453.60,-197.00,"372.5,-272.5",next,17,,,,,0,0,"flank-is-arc (adjacent corner, no straight between)",adjacent_arc_span,,,,
"453.60,-197.00",453.60,-197.00,"372.5,-272.5",prev,1,,,,,0,0,span-length<2 (never probed),degenerate_span,,,,
"46.10,-188.80",46.10,-188.80,"117.0,-299.0",next,17,,,,,0,0,"flank-is-arc (adjacent corner, no straight between)",adjacent_arc_span,,,,
"46.10,-188.80",46.10,-188.80,"117.0,-299.0",prev,1,,,,,0,0,span-length<2 (never probed),degenerate_span,,,,
"46.10,-188.80",46.10,-188.80,"117.0,-299.0",prev,1,,,,,0,0,span-length<2 (never probed),degenerate_span,,,,
"479.00,-292.30",479.00,-292.30,"372.5,-272.5",next,1,,,,,0,0,span-length<2 (never probed),degenerate_span,,,,
"479.00,-292.30",479.00,-292.30,"372.5,-272.5",prev,17,,,,,0,0,"flank-is-arc (adjacent corner, no straight between)",adjacent_arc_span,,,,
"479.00,-292.30",479.00,-292.30,"459.5,-414.0",next,17,,,,,0,0,"flank-is-arc (adjacent corner, no straight between)",adjacent_arc_span,,,,
"479.00,-292.30",479.00,-292.30,"499.0,-175.0",next,17,,,,,0,0,"flank-is-arc (adjacent corner, no straight between)",adjacent_arc_span,,,,
"479.00,-292.30",479.00,-292.30,"543.5,-341.0",prev,17,,,,,0,0,"flank-is-arc (adjacent corner, no straight between)",adjacent_arc_span,,,,
"495.80,115.40",495.80,115.40,"382.0,115.0",next,1,,,,,0,0,span-length<2 (never probed),degenerate_span,,,,
"495.80,115.40",495.80,115.40,"382.0,115.0",prev,17,,,,,0,0,"flank-is-arc (adjacent corner, no straight between)",adjacent_arc_span,,,,
"495.80,115.40",495.80,115.40,"456.5,15.0",next,17,,,,,0,0,"flank-is-arc (adjacent corner, no straight between)",adjacent_arc_span,,,,
"521.90,-48.30",521.90,-48.30,"382.0,115.0",prev,1,,,,,0,0,span-length<2 (never probed),degenerate_span,,,,
"522.80,-55.60",522.80,-55.60,"499.0,-175.0",prev,1,,,,,0,0,span-length<2 (never probed),degenerate_span,,,,
"522.80,-55.60",522.80,-55.60,"611.0,-247.0",prev,1,,,,,0,0,span-length<2 (never probed),degenerate_span,,,,
"549.70,282.00",549.70,282.00,"696.5,166.0",next,17,,,,,0,0,"flank-is-arc (adjacent corner, no straight between)",adjacent_arc_span,,,,
"549.70,282.00",549.70,282.00,"696.5,166.0",prev,1,,,,,0,0,span-length<2 (never probed),degenerate_span,,,,
"575.10,127.90",575.10,127.90,"641.5,65.0",prev,17,,,,,0,0,"flank-is-arc (adjacent corner, no straight between)",adjacent_arc_span,,,,
"575.10,127.90",575.10,127.90,"696.5,166.0",prev,17,,,,,0,0,"flank-is-arc (adjacent corner, no straight between)",adjacent_arc_span,,,,
"576.60,-261.40",576.60,-261.40,"499.0,-175.0",next,1,,,,,0,0,span-length<2 (never probed),degenerate_span,,,,
"576.60,-261.40",576.60,-261.40,"499.0,-175.0",prev,17,,,,,0,0,"flank-is-arc (adjacent corner, no straight between)",adjacent_arc_span,,,,
"576.60,-261.40",576.60,-261.40,"543.5,-341.0",next,17,,,,,0,0,"flank-is-arc (adjacent corner, no straight between)",adjacent_arc_span,,,,
"58.70,-234.00",58.70,-234.00,"117.0,-299.0",next,1,,,,,0,0,span-length<2 (never probed),degenerate_span,,,,
"598.00,-31.00",598.00,-31.00,"611.0,-247.0",next,1,,,,,0,0,span-length<2 (never probed),degenerate_span,,,,
"607.00,-16.30",607.00,-16.30,"641.5,65.0",next,1,,,,,0,0,span-length<2 (never probed),degenerate_span,,,,
"609.70,-26.40",609.70,-26.40,"684.5,-98.0",next,17,,,,,0,0,"flank-is-arc (adjacent corner, no straight between)",adjacent_arc_span,,,,
"609.70,-26.40",609.70,-26.40,"684.5,-98.0",prev,17,,,,,0,0,"flank-is-arc (adjacent corner, no straight between)",adjacent_arc_span,,,,
"621.00,-67.90",621.00,-67.90,"684.5,-98.0",prev,17,,,,,0,0,"flank-is-arc (adjacent corner, no straight between)",adjacent_arc_span,,,,
"646.00,-698.80",646.00,-698.80,"652.0,-627.0",next,17,,,,,0,0,"flank-is-arc (adjacent corner, no straight between)",adjacent_arc_span,,,,
"646.60,-461.30",646.60,-461.30,"677.5,-465.0",next,1,,,,,0,0,span-length<2 (never probed),degenerate_span,,,,
"646.60,-461.30",646.60,-461.30,"677.5,-465.0",prev,17,,,,,0,0,"flank-is-arc (adjacent corner, no straight between)",adjacent_arc_span,,,,
"655.30,-696.70",655.30,-696.70,"652.0,-627.0",prev,17,,,,,0,0,"flank-is-arc (adjacent corner, no straight between)",adjacent_arc_span,,,,
"658.20,-552.30",658.20,-552.30,"55.0,-767.0",prev,122,641.05,-834.71,0.625,-0.781,29.00,15,bestDist=53.2>30,truly_void,,,358.69,
"668.40,-205.40",668.40,-205.40,"684.5,-98.0",next,17,,,,,0,0,"flank-is-arc (adjacent corner, no straight between)",adjacent_arc_span,,,,
"668.40,-205.40",668.40,-205.40,"730.5,-252.0",next,17,,,,,0,0,"flank-is-arc (adjacent corner, no straight between)",adjacent_arc_span,,,,
"668.40,-205.40",668.40,-205.40,"730.5,-252.0",prev,17,,,,,0,0,"flank-is-arc (adjacent corner, no straight between)",adjacent_arc_span,,,,
"670.30,-556.60",670.30,-556.60,"680.0,-504.0",next,17,,,,,0,0,"flank-is-arc (adjacent corner, no straight between)",adjacent_arc_span,,,,
"677.20,-492.40",677.20,-492.40,"677.5,-465.0",next,17,,,,,0,0,"flank-is-arc (adjacent corner, no straight between)",adjacent_arc_span,,,,
"677.20,-492.40",677.20,-492.40,"677.5,-465.0",prev,1,,,,,0,0,span-length<2 (never probed),degenerate_span,,,,
"690.90,-449.90",690.90,-449.90,"677.5,-465.0",next,17,,,,,0,0,"flank-is-arc (adjacent corner, no straight between)",adjacent_arc_span,,,,
"690.90,-449.90",690.90,-449.90,"677.5,-465.0",prev,17,,,,,0,0,"flank-is-arc (adjacent corner, no straight between)",adjacent_arc_span,,,,
"693.60,147.00",693.60,147.00,"641.5,65.0",next,17,,,,,0,0,"flank-is-arc (adjacent corner, no straight between)",adjacent_arc_span,,,,
"693.60,147.00",693.60,147.00,"641.5,65.0",prev,17,,,,,0,0,"flank-is-arc (adjacent corner, no straight between)",adjacent_arc_span,,,,
"70.40,-614.90",70.40,-614.90,"162.0,-645.0",next,17,,,,,0,0,"flank-is-arc (adjacent corner, no straight between)",adjacent_arc_span,,,,
"70.40,-614.90",70.40,-614.90,"162.0,-645.0",prev,17,,,,,0,0,"flank-is-arc (adjacent corner, no straight between)",adjacent_arc_span,,,,
"70.40,-614.90",70.40,-614.90,"55.0,-767.0",next,1,,,,,0,0,span-length<2 (never probed),degenerate_span,,,,
"70.40,-614.90",70.40,-614.90,"55.0,-767.0",prev,17,,,,,0,0,"flank-is-arc (adjacent corner, no straight between)",adjacent_arc_span,,,,
"700.30,-320.90",700.30,-320.90,"730.5,-252.0",next,1,,,,,0,0,span-length<2 (never probed),degenerate_span,,,,
"700.30,-320.90",700.30,-320.90,"730.5,-252.0",prev,17,,,,,0,0,"flank-is-arc (adjacent corner, no straight between)",adjacent_arc_span,,,,
"704.50,-446.50",704.50,-446.50,"680.0,-504.0",prev,17,,,,,0,0,"flank-is-arc (adjacent corner, no straight between)",adjacent_arc_span,,,,
"704.50,-446.50",704.50,-446.50,"716.0,-420.5",next,17,,,,,0,0,"flank-is-arc (adjacent corner, no straight between)",adjacent_arc_span,,,,
"713.10,23.70",713.10,23.70,"641.5,65.0",next,17,,,,,0,0,"flank-is-arc (adjacent corner, no straight between)",adjacent_arc_span,,,,
"713.10,23.70",713.10,23.70,"641.5,65.0",prev,1,,,,,0,0,span-length<2 (never probed),degenerate_span,,,,
"714.70,13.10",714.70,13.10,"684.5,-98.0",next,17,,,,,0,0,"flank-is-arc (adjacent corner, no straight between)",adjacent_arc_span,,,,
"714.70,13.10",714.70,13.10,"684.5,-98.0",prev,17,,,,,0,0,"flank-is-arc (adjacent corner, no straight between)",adjacent_arc_span,,,,
"714.70,13.10",714.70,13.10,"854.5,16.5",next,17,,,,,0,0,"flank-is-arc (adjacent corner, no straight between)",adjacent_arc_span,,,,
"715.70,399.10",715.70,399.10,"657.0,431.0",next,17,,,,,0,0,"flank-is-arc (adjacent corner, no straight between)",adjacent_arc_span,,,,
"719.80,310.10",719.80,310.10,"696.5,166.0",next,1,,,,,0,0,span-length<2 (never probed),degenerate_span,,,,
"725.60,-29.10",725.60,-29.10,"684.5,-98.0",next,17,,,,,0,0,"flank-is-arc (adjacent corner, no straight between)",adjacent_arc_span,,,,
"725.60,-29.10",725.60,-29.10,"854.5,16.5",next,17,,,,,0,0,"flank-is-arc (adjacent corner, no straight between)",adjacent_arc_span,,,,
"725.60,-29.10",725.60,-29.10,"854.5,16.5",prev,17,,,,,0,0,"flank-is-arc (adjacent corner, no straight between)",adjacent_arc_span,,,,
"728.50,543.50",728.50,543.50,"854.5,16.5",next,17,,,,,0,0,"flank-is-arc (adjacent corner, no straight between)",adjacent_arc_span,,,,
"728.50,543.50",728.50,543.50,"854.5,16.5",prev,52,1028.52,100.72,0.994,0.110,29.00,15,bestDist=147.2>30,truly_void,,,471.23,
"733.20,-558.40",733.20,-558.40,"706.0,-628.0",prev,1,,,,,0,0,span-length<2 (never probed),degenerate_span,,,,
"733.20,-558.40",733.20,-558.40,"854.5,16.5",next,52,1028.52,100.72,0.994,0.110,29.00,15,bestDist=147.2>30,truly_void,,,471.23,
"736.70,-437.80",736.70,-437.80,"716.0,-420.5",prev,17,,,,,0,0,"flank-is-arc (adjacent corner, no straight between)",adjacent_arc_span,,,,
"748.00,-614.90",748.00,-614.90,"808.0,-638.0",next,17,,,,,0,0,"flank-is-arc (adjacent corner, no straight between)",adjacent_arc_span,,,,
"758.00,-146.70",758.00,-146.70,"854.5,16.5",prev,17,,,,,0,0,"flank-is-arc (adjacent corner, no straight between)",adjacent_arc_span,,,,
"76.90,207.70",76.90,207.70,"-132.5,265.0",next,17,,,,,0,0,"flank-is-arc (adjacent corner, no straight between)",adjacent_arc_span,,,,
"76.90,207.70",76.90,207.70,"-132.5,265.0",prev,17,,,,,0,0,"flank-is-arc (adjacent corner, no straight between)",adjacent_arc_span,,,,
"766.10,-180.20",766.10,-180.20,"684.5,-98.0",prev,17,,,,,0,0,"flank-is-arc (adjacent corner, no straight between)",adjacent_arc_span,,,,
"766.10,-180.20",766.10,-180.20,"730.5,-252.0",next,17,,,,,0,0,"flank-is-arc (adjacent corner, no straight between)",adjacent_arc_span,,,,
"766.10,-180.20",766.10,-180.20,"730.5,-252.0",prev,1,,,,,0,0,span-length<2 (never probed),degenerate_span,,,,
"767.40,-689.30",767.40,-689.30,"706.0,-628.0",next,1,,,,,0,0,span-length<2 (never probed),degenerate_span,,,,
"767.40,-689.30",767.40,-689.30,"808.0,-638.0",prev,17,,,,,0,0,"flank-is-arc (adjacent corner, no straight between)",adjacent_arc_span,,,,
"774.90,89.60",774.90,89.60,"821.5,94.5",next,17,,,,,0,0,"flank-is-arc (adjacent corner, no straight between)",adjacent_arc_span,,,,
"788.70,51.70",788.70,51.70,"821.5,94.5",prev,17,,,,,0,0,"flank-is-arc (adjacent corner, no straight between)",adjacent_arc_span,,,,
"792.90,454.70",792.90,454.70,"657.0,431.0",prev,17,,,,,0,0,"flank-is-arc (adjacent corner, no straight between)",adjacent_arc_span,,,,
"792.90,454.70",792.90,454.70,"854.5,16.5",prev,17,,,,,0,0,"flank-is-arc (adjacent corner, no straight between)",adjacent_arc_span,,,,
"97.10,-713.50",97.10,-713.50,"162.0,-645.0",next,17,,,,,0,0,"flank-is-arc (adjacent corner, no straight between)",adjacent_arc_span,,,,
"97.10,-713.50",97.10,-713.50,"162.0,-645.0",prev,17,,,,,0,0,"flank-is-arc (adjacent corner, no straight between)",adjacent_arc_span,,,,
"97.10,-713.50",97.10,-713.50,"55.0,-767.0",next,17,,,,,0,0,"flank-is-arc (adjacent corner, no straight between)",adjacent_arc_span,,,,
"97.10,-713.50",97.10,-713.50,"55.0,-767.0",prev,17,,,,,0,0,"flank-is-arc (adjacent corner, no straight between)",adjacent_arc_span,,,,
